Workbook

Sheet Parametres
A1: Paramètre | B1: Valeur | C1: Description
A2: buildGrowth | B2: 1.15 | C2: Multiplicateur du coût par exemplaire déjà construit
A3: upgradeGrowth | B3: 1.6 | C3: Multiplicateur du coût par niveau
A4: timeGrowth | B4: 1.45 | C4: Multiplicateur de durée par niveau
A5: timeCapSec | B5: 28800 | C5: Durée max d'un chantier (s) = 8 h
A6: prodGrowth | B6: 1.1 | C6: Bonus multiplicatif de production par niveau
A7: tileBase | B7: 50 | C7: Coût en or de la 1re tuile
A8: tileGrowth | B8: 1.35 | C8: Multiplicateur par tuile achetée
A9: startTiles | B9: 36 | C9: Tuiles débloquées au départ (6×6)
A10: maxTiles | B10: 256 | C10: Taille de la carte (16×16)
A11: storageBaseSec | B11: 600 | C11: Stockage = X secondes de production au niv 1
A12: storageLvlBonus | B12: 0.25 | C12: +% de stockage par niveau
A15: 💡 Les cellules jaunes sont modifiables : tout le classeur se recalcule.

Sheet Batiments
A1: id | B1: Nom | C1: Taille | D1: Déblocage | E1: Or | F1: Bois | G1: Pierre | H1: Temps base (s) | I1: Ressource | J1: Prod/s base | K1: Travailleurs | L1: +Pop
A2: townhall | B2: Mairie | C2: 2x2 | D2: Départ | E2: 150 | F2: 80 | G2: 0 | H2: 30 | I2: gold | J2: 0.2 | K2: 0 | L2: 5
A3: house | B3: Maison | C3: 1x1 | D3: Départ | E3: 20 | F3: 10 | G3: 0 | H3: 10 | I3: gold | J3: 0.1 | K3: 0 | L3: 4
A4: sawmill | B4: Scierie | C4: 1x1 | D4: Départ | E4: 30 | F4: 0 | G4: 0 | H4: 15 | I4: wood | J4: 0.25 | K4: 2 | L4: 0
A5: quarry | B5: Carrière | C5: 1x1 | D5: Mairie 2 | E5: 60 | F5: 40 | G5: 0 | H5: 30 | I5: stone | J5: 0.15 | K5: 3 | L5: 0
A6: school | B6: École | C6: 2x1 | D6: Mairie 2 | E6: 120 | F6: 80 | G6: 0 | H6: 60 | I6: knowledge | J6: 0.05 | K6: 3 | L6: 0
A7: market | B7: Marché | C7: 2x2 | D7: 50 savoir | E7: 300 | F7: 200 | G7: 100 | H7: 120 | I7: gold | J7: 0.5 | K7: 4 | L7: 0
A8: warehouse | B8: Entrepôt | C8: 1x1 | D8: Mairie 3 | E8: 200 | F8: 150 | G8: 80 | H8: 90 | I8: - | J8: 0 | K8: 1 | L8: 0
A9: library | B9: Bibliothèque | C9: 2x2 | D9: 200 savoir | E9: 600 | F9: 300 | G9: 300 | H9: 300 | I9: knowledge | J9: 0.2 | K9: 4 | L9: 0
A10: fountain | B10: Fontaine | C10: 1x1 | D10: Mairie 3 | E10: 150 | F10: 0 | G10: 50 | H10: 60 | I10: - | J10: 0 | K10: 0 | L10: 0
A11: monument | B11: Monument | C11: 3x3 | D11: Mairie 8 + 1000 savoir | E11: 50000 | F11: 20000 | G11: 20000 | H11: 3600 | I11: - | J11: 0 | K11: 0 | L11: 0

Sheet Ameliorations
A1: Bâtiment → | B1: house | C1: ← choisis un bâtiment dans la liste
D2: Or base | E2: =INDEX(Batiments!$E$2:$E$11,MATCH($B$1,Batiments!$A$2:$A$11,0)) | F2: Bois base | G2: =INDEX(Batiments!$F$2:$F$11,MATCH($B$1,Batiments!$A$2:$A$11,0)) | H2: Pierre base | I2: =INDEX(Batiments!$G$2:$G$11,MATCH($B$1,Batiments!$A$2:$A$11,0)) | J2: Temps base | K2: =INDEX(Batiments!$H$2:$H$11,MATCH($B$1,Batiments!$A$2:$A$11,0)) | L2: Prod base | M2: =INDEX(Batiments!$J$2:$J$11,MATCH($B$1,Batiments!$A$2:$A$11,0))
A4: Niveau actuel | B4: Coût Or →niv+1 | C4: Coût Bois | D4: Coût Pierre | E4: Durée (s) | F4: Durée | G4: Prod/s à ce niv | H4: Gain prod/s si up | I4: Rentabilité (min) | J4: Or cumulé | K4: Temps cumulé | L4: Stockage (unités)
A5: 1 | B5: =ROUNDUP($E$2*Parametres!$B$3^A5,0) | C5: =ROUNDUP($G$2*Parametres!$B$3^A5,0) | D5: =ROUNDUP($I$2*Parametres!$B$3^A5,0) | E5: =MIN(ROUND($K$2*Parametres!$B$4^A5,0),Parametres!$B$5) | F5: =E5/86400 | G5: =$M$2*A5*Parametres!$B$6^A5 | H5: =$M$2*(A5+1)*Parametres!$B$6^(A5+1)-G5 | I5: =IF(H5>0,B5/H5/60,"-") | J5: =SUM($B$5:B5) | K5: =SUM($E$5:E5)/86400 | L5: =G5*Parametres!$B$11*(1+Parametres!$B$12*(A5-1))
A6: 2 | B6: =ROUNDUP($E$2*Parametres!$B$3^A6,0) | C6: =ROUNDUP($G$2*Parametres!$B$3^A6,0) | D6: =ROUNDUP($I$2*Parametres!$B$3^A6,0) | E6: =MIN(ROUND($K$2*Parametres!$B$4^A6,0),Parametres!$B$5) | F6: =E6/86400 | G6: =$M$2*A6*Parametres!$B$6^A6 | H6: =$M$2*(A6+1)*Parametres!$B$6^(A6+1)-G6 | I6: =IF(H6>0,B6/H6/60,"-") | J6: =SUM($B$5:B6) | K6: =SUM($E$5:E6)/86400 | L6: =G6*Parametres!$B$11*(1+Parametres!$B$12*(A6-1))
A7: 3 | B7: =ROUNDUP($E$2*Parametres!$B$3^A7,0) | C7: =ROUNDUP($G$2*Parametres!$B$3^A7,0) | D7: =ROUNDUP($I$2*Parametres!$B$3^A7,0) | E7: =MIN(ROUND($K$2*Parametres!$B$4^A7,0),Parametres!$B$5) | F7: =E7/86400 | G7: =$M$2*A7*Parametres!$B$6^A7 | H7: =$M$2*(A7+1)*Parametres!$B$6^(A7+1)-G7 | I7: =IF(H7>0,B7/H7/60,"-") | J7: =SUM($B$5:B7) | K7: =SUM($E$5:E7)/86400 | L7: =G7*Parametres!$B$11*(1+Parametres!$B$12*(A7-1))
A8: 4 | B8: =ROUNDUP($E$2*Parametres!$B$3^A8,0) | C8: =ROUNDUP($G$2*Parametres!$B$3^A8,0) | D8: =ROUNDUP($I$2*Parametres!$B$3^A8,0) | E8: =MIN(ROUND($K$2*Parametres!$B$4^A8,0),Parametres!$B$5) | F8: =E8/86400 | G8: =$M$2*A8*Parametres!$B$6^A8 | H8: =$M$2*(A8+1)*Parametres!$B$6^(A8+1)-G8 | I8: =IF(H8>0,B8/H8/60,"-") | J8: =SUM($B$5:B8) | K8: =SUM($E$5:E8)/86400 | L8: =G8*Parametres!$B$11*(1+Parametres!$B$12*(A8-1))
A9: 5 | B9: =ROUNDUP($E$2*Parametres!$B$3^A9,0) | C9: =ROUNDUP($G$2*Parametres!$B$3^A9,0) | D9: =ROUNDUP($I$2*Parametres!$B$3^A9,0) | E9: =MIN(ROUND($K$2*Parametres!$B$4^A9,0),Parametres!$B$5) | F9: =E9/86400 | G9: =$M$2*A9*Parametres!$B$6^A9 | H9: =$M$2*(A9+1)*Parametres!$B$6^(A9+1)-G9 | I9: =IF(H9>0,B9/H9/60,"-") | J9: =SUM($B$5:B9) | K9: =SUM($E$5:E9)/86400 | L9: =G9*Parametres!$B$11*(1+Parametres!$B$12*(A9-1))
A10: 6 | B10: =ROUNDUP($E$2*Parametres!$B$3^A10,0) | C10: =ROUNDUP($G$2*Parametres!$B$3^A10,0) | D10: =ROUNDUP($I$2*Parametres!$B$3^A10,0) | E10: =MIN(ROUND($K$2*Parametres!$B$4^A10,0),Parametres!$B$5) | F10: =E10/86400 | G10: =$M$2*A10*Parametres!$B$6^A10 | H10: =$M$2*(A10+1)*Parametres!$B$6^(A10+1)-G10 | I10: =IF(H10>0,B10/H10/60,"-") | J10: =SUM($B$5:B10) | K10: =SUM($E$5:E10)/86400 | L10: =G10*Parametres!$B$11*(1+Parametres!$B$12*(A10-1))
A11: 7 | B11: =ROUNDUP($E$2*Parametres!$B$3^A11,0) | C11: =ROUNDUP($G$2*Parametres!$B$3^A11,0) | D11: =ROUNDUP($I$2*Parametres!$B$3^A11,0) | E11: =MIN(ROUND($K$2*Parametres!$B$4^A11,0),Parametres!$B$5) | F11: =E11/86400 | G11: =$M$2*A11*Parametres!$B$6^A11 | H11: =$M$2*(A11+1)*Parametres!$B$6^(A11+1)-G11 | I11: =IF(H11>0,B11/H11/60,"-") | J11: =SUM($B$5:B11) | K11: =SUM($E$5:E11)/86400 | L11: =G11*Parametres!$B$11*(1+Parametres!$B$12*(A11-1))
A12: 8 | B12: =ROUNDUP($E$2*Parametres!$B$3^A12,0) | C12: =ROUNDUP($G$2*Parametres!$B$3^A12,0) | D12: =ROUNDUP($I$2*Parametres!$B$3^A12,0) | E12: =MIN(ROUND($K$2*Parametres!$B$4^A12,0),Parametres!$B$5) | F12: =E12/86400 | G12: =$M$2*A12*Parametres!$B$6^A12 | H12: =$M$2*(A12+1)*Parametres!$B$6^(A12+1)-G12 | I12: =IF(H12>0,B12/H12/60,"-") | J12: =SUM($B$5:B12) | K12: =SUM($E$5:E12)/86400 | L12: =G12*Parametres!$B$11*(1+Parametres!$B$12*(A12-1))
A13: 9 | B13: =ROUNDUP($E$2*Parametres!$B$3^A13,0) | C13: =ROUNDUP($G$2*Parametres!$B$3^A13,0) | D13: =ROUNDUP($I$2*Parametres!$B$3^A13,0) | E13: =MIN(ROUND($K$2*Parametres!$B$4^A13,0),Parametres!$B$5) | F13: =E13/86400 | G13: =$M$2*A13*Parametres!$B$6^A13 | H13: =$M$2*(A13+1)*Parametres!$B$6^(A13+1)-G13 | I13: =IF(H13>0,B13/H13/60,"-") | J13: =SUM($B$5:B13) | K13: =SUM($E$5:E13)/86400 | L13: =G13*Parametres!$B$11*(1+Parametres!$B$12*(A13-1))
A14: 10 | B14: =ROUNDUP($E$2*Parametres!$B$3^A14,0) | C14: =ROUNDUP($G$2*Parametres!$B$3^A14,0) | D14: =ROUNDUP($I$2*Parametres!$B$3^A14,0) | E14: =MIN(ROUND($K$2*Parametres!$B$4^A14,0),Parametres!$B$5) | F14: =E14/86400 | G14: =$M$2*A14*Parametres!$B$6^A14 | H14: =$M$2*(A14+1)*Parametres!$B$6^(A14+1)-G14 | I14: =IF(H14>0,B14/H14/60,"-") | J14: =SUM($B$5:B14) | K14: =SUM($E$5:E14)/86400 | L14: =G14*Parametres!$B$11*(1+Parametres!$B$12*(A14-1))
A15: 11 | B15: =ROUNDUP($E$2*Parametres!$B$3^A15,0) | C15: =ROUNDUP($G$2*Parametres!$B$3^A15,0) | D15: =ROUNDUP($I$2*Parametres!$B$3^A15,0) | E15: =MIN(ROUND($K$2*Parametres!$B$4^A15,0),Parametres!$B$5) | F15: =E15/86400 | G15: =$M$2*A15*Parametres!$B$6^A15 | H15: =$M$2*(A15+1)*Parametres!$B$6^(A15+1)-G15 | I15: =IF(H15>0,B15/H15/60,"-") | J15: =SUM($B$5:B15) | K15: =SUM($E$5:E15)/86400 | L15: =G15*Parametres!$B$11*(1+Parametres!$B$12*(A15-1))
A16: 12 | B16: =ROUNDUP($E$2*Parametres!$B$3^A16,0) | C16: =ROUNDUP($G$2*Parametres!$B$3^A16,0) | D16: =ROUNDUP($I$2*Parametres!$B$3^A16,0) | E16: =MIN(ROUND($K$2*Parametres!$B$4^A16,0),Parametres!$B$5) | F16: =E16/86400 | G16: =$M$2*A16*Parametres!$B$6^A16 | H16: =$M$2*(A16+1)*Parametres!$B$6^(A16+1)-G16 | I16: =IF(H16>0,B16/H16/60,"-") | J16: =SUM($B$5:B16) | K16: =SUM($E$5:E16)/86400 | L16: =G16*Parametres!$B$11*(1+Parametres!$B$12*(A16-1))
... A29: 25 | B29: =ROUNDUP($E$2*Parametres!$B$3^A29,0) | C29: =ROUNDUP($G$2*Parametres!$B$3^A29,0) | D29: =ROUNDUP($I$2*Parametres!$B$3^A29,0) | E29: =MIN(ROUND($K$2*Parametres!$B$4^A29,0),Parametres!$B$5) | F29: =E29/86400 | G29: =$M$2*A29*Parametres!$B$6^A29 | H29: =$M$2*(A29+1)*Parametres!$B$6^(A29+1)-G29 | I29: =IF(H29>0,B29/H29/60,"-") | J29: =SUM($B$5:B29) | K29: =SUM($E$5:E29)/86400 | L29: =G29*Parametres!$B$11*(1+Parametres!$B$12*(A29-1))
A31: Rentabilité = minutes de production nécessaires pour rembourser l'amélioration en or. Si elle explose trop vite → le joueur décroche ; trop lente → jeu fini trop vite.

Sheet Constructions
A1: Nb déjà possédés | B1: Mairie | C1: Maison | D1: Scierie | E1: Carrière | F1: École | G1: Marché | H1: Entrepôt | I1: Bibliothèque | J1: Fontaine | K1: Monument
A2: 0 | B2: =ROUNDUP(Batiments!$E$2*Parametres!$B$2^$A2,0) | C2: =ROUNDUP(Batiments!$E$3*Parametres!$B$2^$A2,0) | D2: =ROUNDUP(Batiments!$E$4*Parametres!$B$2^$A2,0) | E2: =ROUNDUP(Batiments!$E$5*Parametres!$B$2^$A2,0) | F2: =ROUNDUP(Batiments!$E$6*Parametres!$B$2^$A2,0) | G2: =ROUNDUP(Batiments!$E$7*Parametres!$B$2^$A2,0) | H2: =ROUNDUP(Batiments!$E$8*Parametres!$B$2^$A2,0) | I2: =ROUNDUP(Batiments!$E$9*Parametres!$B$2^$A2,0) | J2: =ROUNDUP(Batiments!$E$10*Parametres!$B$2^$A2,0) | K2: =ROUNDUP(Batiments!$E$11*Parametres!$B$2^$A2,0)
A3: 1 | B3: =ROUNDUP(Batiments!$E$2*Parametres!$B$2^$A3,0) | C3: =ROUNDUP(Batiments!$E$3*Parametres!$B$2^$A3,0) | D3: =ROUNDUP(Batiments!$E$4*Parametres!$B$2^$A3,0) | E3: =ROUNDUP(Batiments!$E$5*Parametres!$B$2^$A3,0) | F3: =ROUNDUP(Batiments!$E$6*Parametres!$B$2^$A3,0) | G3: =ROUNDUP(Batiments!$E$7*Parametres!$B$2^$A3,0) | H3: =ROUNDUP(Batiments!$E$8*Parametres!$B$2^$A3,0) | I3: =ROUNDUP(Batiments!$E$9*Parametres!$B$2^$A3,0) | J3: =ROUNDUP(Batiments!$E$10*Parametres!$B$2^$A3,0) | K3: =ROUNDUP(Batiments!$E$11*Parametres!$B$2^$A3,0)
A4: 2 | B4: =ROUNDUP(Batiments!$E$2*Parametres!$B$2^$A4,0) | C4: =ROUNDUP(Batiments!$E$3*Parametres!$B$2^$A4,0) | D4: =ROUNDUP(Batiments!$E$4*Parametres!$B$2^$A4,0) | E4: =ROUNDUP(Batiments!$E$5*Parametres!$B$2^$A4,0) | F4: =ROUNDUP(Batiments!$E$6*Parametres!$B$2^$A4,0) | G4: =ROUNDUP(Batiments!$E$7*Parametres!$B$2^$A4,0) | H4: =ROUNDUP(Batiments!$E$8*Parametres!$B$2^$A4,0) | I4: =ROUNDUP(Batiments!$E$9*Parametres!$B$2^$A4,0) | J4: =ROUNDUP(Batiments!$E$10*Parametres!$B$2^$A4,0) | K4: =ROUNDUP(Batiments!$E$11*Parametres!$B$2^$A4,0)
A5: 3 | B5: =ROUNDUP(Batiments!$E$2*Parametres!$B$2^$A5,0) | C5: =ROUNDUP(Batiments!$E$3*Parametres!$B$2^$A5,0) | D5: =ROUNDUP(Batiments!$E$4*Parametres!$B$2^$A5,0) | E5: =ROUNDUP(Batiments!$E$5*Parametres!$B$2^$A5,0) | F5: =ROUNDUP(Batiments!$E$6*Parametres!$B$2^$A5,0) | G5: =ROUNDUP(Batiments!$E$7*Parametres!$B$2^$A5,0) | H5: =ROUNDUP(Batiments!$E$8*Parametres!$B$2^$A5,0) | I5: =ROUNDUP(Batiments!$E$9*Parametres!$B$2^$A5,0) | J5: =ROUNDUP(Batiments!$E$10*Parametres!$B$2^$A5,0) | K5: =ROUNDUP(Batiments!$E$11*Parametres!$B$2^$A5,0)
A6: 4 | B6: =ROUNDUP(Batiments!$E$2*Parametres!$B$2^$A6,0) | C6: =ROUNDUP(Batiments!$E$3*Parametres!$B$2^$A6,0) | D6: =ROUNDUP(Batiments!$E$4*Parametres!$B$2^$A6,0) | E6: =ROUNDUP(Batiments!$E$5*Parametres!$B$2^$A6,0) | F6: =ROUNDUP(Batiments!$E$6*Parametres!$B$2^$A6,0) | G6: =ROUNDUP(Batiments!$E$7*Parametres!$B$2^$A6,0) | H6: =ROUNDUP(Batiments!$E$8*Parametres!$B$2^$A6,0) | I6: =ROUNDUP(Batiments!$E$9*Parametres!$B$2^$A6,0) | J6: =ROUNDUP(Batiments!$E$10*Parametres!$B$2^$A6,0) | K6: =ROUNDUP(Batiments!$E$11*Parametres!$B$2^$A6,0)
A7: 5 | B7: =ROUNDUP(Batiments!$E$2*Parametres!$B$2^$A7,0) | C7: =ROUNDUP(Batiments!$E$3*Parametres!$B$2^$A7,0) | D7: =ROUNDUP(Batiments!$E$4*Parametres!$B$2^$A7,0) | E7: =ROUNDUP(Batiments!$E$5*Parametres!$B$2^$A7,0) | F7: =ROUNDUP(Batiments!$E$6*Parametres!$B$2^$A7,0) | G7: =ROUNDUP(Batiments!$E$7*Parametres!$B$2^$A7,0) | H7: =ROUNDUP(Batiments!$E$8*Parametres!$B$2^$A7,0) | I7: =ROUNDUP(Batiments!$E$9*Parametres!$B$2^$A7,0) | J7: =ROUNDUP(Batiments!$E$10*Parametres!$B$2^$A7,0) | K7: =ROUNDUP(Batiments!$E$11*Parametres!$B$2^$A7,0)
A8: 6 | B8: =ROUNDUP(Batiments!$E$2*Parametres!$B$2^$A8,0) | C8: =ROUNDUP(Batiments!$E$3*Parametres!$B$2^$A8,0) | D8: =ROUNDUP(Batiments!$E$4*Parametres!$B$2^$A8,0) | E8: =ROUNDUP(Batiments!$E$5*Parametres!$B$2^$A8,0) | F8: =ROUNDUP(Batiments!$E$6*Parametres!$B$2^$A8,0) | G8: =ROUNDUP(Batiments!$E$7*Parametres!$B$2^$A8,0) | H8: =ROUNDUP(Batiments!$E$8*Parametres!$B$2^$A8,0) | I8: =ROUNDUP(Batiments!$E$9*Parametres!$B$2^$A8,0) | J8: =ROUNDUP(Batiments!$E$10*Parametres!$B$2^$A8,0) | K8: =ROUNDUP(Batiments!$E$11*Parametres!$B$2^$A8,0)
A9: 7 | B9: =ROUNDUP(Batiments!$E$2*Parametres!$B$2^$A9,0) | C9: =ROUNDUP(Batiments!$E$3*Parametres!$B$2^$A9,0) | D9: =ROUNDUP(Batiments!$E$4*Parametres!$B$2^$A9,0) | E9: =ROUNDUP(Batiments!$E$5*Parametres!$B$2^$A9,0) | F9: =ROUNDUP(Batiments!$E$6*Parametres!$B$2^$A9,0) | G9: =ROUNDUP(Batiments!$E$7*Parametres!$B$2^$A9,0) | H9: =ROUNDUP(Batiments!$E$8*Parametres!$B$2^$A9,0) | I9: =ROUNDUP(Batiments!$E$9*Parametres!$B$2^$A9,0) | J9: =ROUNDUP(Batiments!$E$10*Parametres!$B$2^$A9,0) | K9: =ROUNDUP(Batiments!$E$11*Parametres!$B$2^$A9,0)
A10: 8 | B10: =ROUNDUP(Batiments!$E$2*Parametres!$B$2^$A10,0) | C10: =ROUNDUP(Batiments!$E$3*Parametres!$B$2^$A10,0) | D10: =ROUNDUP(Batiments!$E$4*Parametres!$B$2^$A10,0) | E10: =ROUNDUP(Batiments!$E$5*Parametres!$B$2^$A10,0) | F10: =ROUNDUP(Batiments!$E$6*Parametres!$B$2^$A10,0) | G10: =ROUNDUP(Batiments!$E$7*Parametres!$B$2^$A10,0) | H10: =ROUNDUP(Batiments!$E$8*Parametres!$B$2^$A10,0) | I10: =ROUNDUP(Batiments!$E$9*Parametres!$B$2^$A10,0) | J10: =ROUNDUP(Batiments!$E$10*Parametres!$B$2^$A10,0) | K10: =ROUNDUP(Batiments!$E$11*Parametres!$B$2^$A10,0)
A11: 9 | B11: =ROUNDUP(Batiments!$E$2*Parametres!$B$2^$A11,0) | C11: =ROUNDUP(Batiments!$E$3*Parametres!$B$2^$A11,0) | D11: =ROUNDUP(Batiments!$E$4*Parametres!$B$2^$A11,0) | E11: =ROUNDUP(Batiments!$E$5*Parametres!$B$2^$A11,0) | F11: =ROUNDUP(Batiments!$E$6*Parametres!$B$2^$A11,0) | G11: =ROUNDUP(Batiments!$E$7*Parametres!$B$2^$A11,0) | H11: =ROUNDUP(Batiments!$E$8*Parametres!$B$2^$A11,0) | I11: =ROUNDUP(Batiments!$E$9*Parametres!$B$2^$A11,0) | J11: =ROUNDUP(Batiments!$E$10*Parametres!$B$2^$A11,0) | K11: =ROUNDUP(Batiments!$E$11*Parametres!$B$2^$A11,0)
A12: 10 | B12: =ROUNDUP(Batiments!$E$2*Parametres!$B$2^$A12,0) | C12: =ROUNDUP(Batiments!$E$3*Parametres!$B$2^$A12,0) | D12: =ROUNDUP(Batiments!$E$4*Parametres!$B$2^$A12,0) | E12: =ROUNDUP(Batiments!$E$5*Parametres!$B$2^$A12,0) | F12: =ROUNDUP(Batiments!$E$6*Parametres!$B$2^$A12,0) | G12: =ROUNDUP(Batiments!$E$7*Parametres!$B$2^$A12,0) | H12: =ROUNDUP(Batiments!$E$8*Parametres!$B$2^$A12,0) | I12: =ROUNDUP(Batiments!$E$9*Parametres!$B$2^$A12,0) | J12: =ROUNDUP(Batiments!$E$10*Parametres!$B$2^$A12,0) | K12: =ROUNDUP(Batiments!$E$11*Parametres!$B$2^$A12,0)
A13: 11 | B13: =ROUNDUP(Batiments!$E$2*Parametres!$B$2^$A13,0) | C13: =ROUNDUP(Batiments!$E$3*Parametres!$B$2^$A13,0) | D13: =ROUNDUP(Batiments!$E$4*Parametres!$B$2^$A13,0) | E13: =ROUNDUP(Batiments!$E$5*Parametres!$B$2^$A13,0) | F13: =ROUNDUP(Batiments!$E$6*Parametres!$B$2^$A13,0) | G13: =ROUNDUP(Batiments!$E$7*Parametres!$B$2^$A13,0) | H13: =ROUNDUP(Batiments!$E$8*Parametres!$B$2^$A13,0) | I13: =ROUNDUP(Batiments!$E$9*Parametres!$B$2^$A13,0) | J13: =ROUNDUP(Batiments!$E$10*Parametres!$B$2^$A13,0) | K13: =ROUNDUP(Batiments!$E$11*Parametres!$B$2^$A13,0)
... A32: 30 | B32: =ROUNDUP(Batiments!$E$2*Parametres!$B$2^$A32,0) | C32: =ROUNDUP(Batiments!$E$3*Parametres!$B$2^$A32,0) | D32: =ROUNDUP(Batiments!$E$4*Parametres!$B$2^$A32,0) | E32: =ROUNDUP(Batiments!$E$5*Parametres!$B$2^$A32,0) | F32: =ROUNDUP(Batiments!$E$6*Parametres!$B$2^$A32,0) | G32: =ROUNDUP(Batiments!$E$7*Parametres!$B$2^$A32,0) | H32: =ROUNDUP(Batiments!$E$8*Parametres!$B$2^$A32,0) | I32: =ROUNDUP(Batiments!$E$9*Parametres!$B$2^$A32,0) | J32: =ROUNDUP(Batiments!$E$10*Parametres!$B$2^$A32,0) | K32: =ROUNDUP(Batiments!$E$11*Parametres!$B$2^$A32,0)
A35: Coût en OR du prochain exemplaire (bois/pierre suivent le même multiplicateur).

Sheet Tuiles
A1: Tuile achetée n° | B1: Coût (or) | C1: Coût cumulé | D1: Tuiles débloquées | E1: % carte
A2: 1 | B2: =ROUNDUP(Parametres!$B$7*Parametres!$B$8^(A2-1),0) | C2: =SUM($B$2:B2) | D2: =Parametres!$B$9+A2 | E2: =D2/Parametres!$B$10
A3: 2 | B3: =ROUNDUP(Parametres!$B$7*Parametres!$B$8^(A3-1),0) | C3: =SUM($B$2:B3) | D3: =Parametres!$B$9+A3 | E3: =D3/Parametres!$B$10
A4: 3 | B4: =ROUNDUP(Parametres!$B$7*Parametres!$B$8^(A4-1),0) | C4: =SUM($B$2:B4) | D4: =Parametres!$B$9+A4 | E4: =D4/Parametres!$B$10
A5: 4 | B5: =ROUNDUP(Parametres!$B$7*Parametres!$B$8^(A5-1),0) | C5: =SUM($B$2:B5) | D5: =Parametres!$B$9+A5 | E5: =D5/Parametres!$B$10
A6: 5 | B6: =ROUNDUP(Parametres!$B$7*Parametres!$B$8^(A6-1),0) | C6: =SUM($B$2:B6) | D6: =Parametres!$B$9+A6 | E6: =D6/Parametres!$B$10
A7: 6 | B7: =ROUNDUP(Parametres!$B$7*Parametres!$B$8^(A7-1),0) | C7: =SUM($B$2:B7) | D7: =Parametres!$B$9+A7 | E7: =D7/Parametres!$B$10
A8: 7 | B8: =ROUNDUP(Parametres!$B$7*Parametres!$B$8^(A8-1),0) | C8: =SUM($B$2:B8) | D8: =Parametres!$B$9+A8 | E8: =D8/Parametres!$B$10
A9: 8 | B9: =ROUNDUP(Parametres!$B$7*Parametres!$B$8^(A9-1),0) | C9: =SUM($B$2:B9) | D9: =Parametres!$B$9+A9 | E9: =D9/Parametres!$B$10
A10: 9 | B10: =ROUNDUP(Parametres!$B$7*Parametres!$B$8^(A10-1),0) | C10: =SUM($B$2:B10) | D10: =Parametres!$B$9+A10 | E10: =D10/Parametres!$B$10
A11: 10 | B11: =ROUNDUP(Parametres!$B$7*Parametres!$B$8^(A11-1),0) | C11: =SUM($B$2:B11) | D11: =Parametres!$B$9+A11 | E11: =D11/Parametres!$B$10
A12: 11 | B12: =ROUNDUP(Parametres!$B$7*Parametres!$B$8^(A12-1),0) | C12: =SUM($B$2:B12) | D12: =Parametres!$B$9+A12 | E12: =D12/Parametres!$B$10
A13: 12 | B13: =ROUNDUP(Parametres!$B$7*Parametres!$B$8^(A13-1),0) | C13: =SUM($B$2:B13) | D13: =Parametres!$B$9+A13 | E13: =D13/Parametres!$B$10
... A221: 220 | B221: =ROUNDUP(Parametres!$B$7*Parametres!$B$8^(A221-1),0) | C221: =SUM($B$2:B221) | D221: =Parametres!$B$9+A221 | E221: =D221/Parametres!$B$10

Sheet Simulation
A1: Revenu en or estimé selon le village (saisis la composition)
A3: Bâtiment | B3: Quantité | C3: Niveau moyen | D3: Or/s total | E3: Bois/s | F3: Pierre/s | G3: Savoir/s | H3: Travailleurs | I3: Population
A4: Mairie | B4: 1 | C4: 1 | D4: =IF(Batiments!$I$2="gold",Batiments!$J$2*C4*Parametres!$B$6^C4*B4,0) | E4: =IF(Batiments!$I$2="wood",Batiments!$J$2*C4*Parametres!$B$6^C4*B4,0) | F4: =IF(Batiments!$I$2="stone",Batiments!$J$2*C4*Parametres!$B$6^C4*B4,0) | G4: =IF(Batiments!$I$2="knowledge",Batiments!$J$2*C4*Parametres!$B$6^C4*B4,0) | H4: =Batiments!$K$2*B4 | I4: =Batiments!$L$2*B4*C4
A5: Maison | B5: 1 | C5: 1 | D5: =IF(Batiments!$I$3="gold",Batiments!$J$3*C5*Parametres!$B$6^C5*B5,0) | E5: =IF(Batiments!$I$3="wood",Batiments!$J$3*C5*Parametres!$B$6^C5*B5,0) | F5: =IF(Batiments!$I$3="stone",Batiments!$J$3*C5*Parametres!$B$6^C5*B5,0) | G5: =IF(Batiments!$I$3="knowledge",Batiments!$J$3*C5*Parametres!$B$6^C5*B5,0) | H5: =Batiments!$K$3*B5 | I5: =Batiments!$L$3*B5*C5
A6: Scierie | B6: 1 | C6: 1 | D6: =IF(Batiments!$I$4="gold",Batiments!$J$4*C6*Parametres!$B$6^C6*B6,0) | E6: =IF(Batiments!$I$4="wood",Batiments!$J$4*C6*Parametres!$B$6^C6*B6,0) | F6: =IF(Batiments!$I$4="stone",Batiments!$J$4*C6*Parametres!$B$6^C6*B6,0) | G6: =IF(Batiments!$I$4="knowledge",Batiments!$J$4*C6*Parametres!$B$6^C6*B6,0) | H6: =Batiments!$K$4*B6 | I6: =Batiments!$L$4*B6*C6
A7: Carrière | B7: 0 | C7: 1 | D7: =IF(Batiments!$I$5="gold",Batiments!$J$5*C7*Parametres!$B$6^C7*B7,0) | E7: =IF(Batiments!$I$5="wood",Batiments!$J$5*C7*Parametres!$B$6^C7*B7,0) | F7: =IF(Batiments!$I$5="stone",Batiments!$J$5*C7*Parametres!$B$6^C7*B7,0) | G7: =IF(Batiments!$I$5="knowledge",Batiments!$J$5*C7*Parametres!$B$6^C7*B7,0) | H7: =Batiments!$K$5*B7 | I7: =Batiments!$L$5*B7*C7
A8: École | B8: 0 | C8: 1 | D8: =IF(Batiments!$I$6="gold",Batiments!$J$6*C8*Parametres!$B$6^C8*B8,0) | E8: =IF(Batiments!$I$6="wood",Batiments!$J$6*C8*Parametres!$B$6^C8*B8,0) | F8: =IF(Batiments!$I$6="stone",Batiments!$J$6*C8*Parametres!$B$6^C8*B8,0) | G8: =IF(Batiments!$I$6="knowledge",Batiments!$J$6*C8*Parametres!$B$6^C8*B8,0) | H8: =Batiments!$K$6*B8 | I8: =Batiments!$L$6*B8*C8
A9: Marché | B9: 0 | C9: 1 | D9: =IF(Batiments!$I$7="gold",Batiments!$J$7*C9*Parametres!$B$6^C9*B9,0) | E9: =IF(Batiments!$I$7="wood",Batiments!$J$7*C9*Parametres!$B$6^C9*B9,0) | F9: =IF(Batiments!$I$7="stone",Batiments!$J$7*C9*Parametres!$B$6^C9*B9,0) | G9: =IF(Batiments!$I$7="knowledge",Batiments!$J$7*C9*Parametres!$B$6^C9*B9,0) | H9: =Batiments!$K$7*B9 | I9: =Batiments!$L$7*B9*C9
A10: Entrepôt | B10: 0 | C10: 1 | D10: =IF(Batiments!$I$8="gold",Batiments!$J$8*C10*Parametres!$B$6^C10*B10,0) | E10: =IF(Batiments!$I$8="wood",Batiments!$J$8*C10*Parametres!$B$6^C10*B10,0) | F10: =IF(Batiments!$I$8="stone",Batiments!$J$8*C10*Parametres!$B$6^C10*B10,0) | G10: =IF(Batiments!$I$8="knowledge",Batiments!$J$8*C10*Parametres!$B$6^C10*B10,0) | H10: =Batiments!$K$8*B10 | I10: =Batiments!$L$8*B10*C10
A11: Bibliothèque | B11: 0 | C11: 1 | D11: =IF(Batiments!$I$9="gold",Batiments!$J$9*C11*Parametres!$B$6^C11*B11,0) | E11: =IF(Batiments!$I$9="wood",Batiments!$J$9*C11*Parametres!$B$6^C11*B11,0) | F11: =IF(Batiments!$I$9="stone",Batiments!$J$9*C11*Parametres!$B$6^C11*B11,0) | G11: =IF(Batiments!$I$9="knowledge",Batiments!$J$9*C11*Parametres!$B$6^C11*B11,0) | H11: =Batiments!$K$9*B11 | I11: =Batiments!$L$9*B11*C11
A12: Fontaine | B12: 0 | C12: 1 | D12: =IF(Batiments!$I$10="gold",Batiments!$J$10*C12*Parametres!$B$6^C12*B12,0) | E12: =IF(Batiments!$I$10="wood",Batiments!$J$10*C12*Parametres!$B$6^C12*B12,0) | F12: =IF(Batiments!$I$10="stone",Batiments!$J$10*C12*Parametres!$B$6^C12*B12,0) | G12: =IF(Batiments!$I$10="knowledge",Batiments!$J$10*C12*Parametres!$B$6^C12*B12,0) | H12: =Batiments!$K$10*B12 | I12: =Batiments!$L$10*B12*C12
A13: Monument | B13: 0 | C13: 1 | D13: =IF(Batiments!$I$11="gold",Batiments!$J$11*C13*Parametres!$B$6^C13*B13,0) | E13: =IF(Batiments!$I$11="wood",Batiments!$J$11*C13*Parametres!$B$6^C13*B13,0) | F13: =IF(Batiments!$I$11="stone",Batiments!$J$11*C13*Parametres!$B$6^C13*B13,0) | G13: =IF(Batiments!$I$11="knowledge",Batiments!$J$11*C13*Parametres!$B$6^C13*B13,0) | H13: =Batiments!$K$11*B13 | I13: =Batiments!$L$11*B13*C13
A14: TOTAL | D14: =SUM(D4:D13) | E14: =SUM(E4:E13) | F14: =SUM(F4:F13) | G14: =SUM(G4:G13) | H14: =SUM(H4:H13) | I14: =SUM(I4:I13)
A16: Or / heure | B16: =D14*3600
A17: Population libre | B17: =I14-H14
A18: Prochaine tuile n° | B18: 10
A19: Heures de jeu pour la payer | B19: =INDEX(Tuiles!$B$2:$B$221,B18)/MAX(B16,0.0001)
